{"id":0,"fv":{"0":-0.11095891147851944,"1":0.12269581854343414,"2":0.07348132133483887,"3":-0.010424323379993439,"4":-0.11185634881258011,"5":0.04585745930671692,"6":-0.07773249596357346,"7":-0.00974070094525814,"8":0.04889509454369545,"9":-0.13453078269958496,"10":0.19097410142421722,"11":0.004505181685090065,"12":-0.14445598423480988,"13":-0.022702030837535858,"14":0.08953393995761871,"15":0.15982310473918915,"16":-0.1269967406988144,"17":-0.13533249497413635,"18":-0.19903481006622314,"19":-0.056066617369651794,"20":-0.02822987735271454,"21":0.09407789260149002,"22":-0.04428236559033394,"23":0.01812106743454933,"24":-0.17345893383026123,"25":-0.3009495735168457,"26":0.048908330500125885,"27":-0.013873440213501453,"28":0.02250579372048378,"29":0.0012024585157632828,"30":-0.06334174424409866,"31":-0.023203466087579727,"32":-0.14645160734653473,"33":-0.0010874737054109573,"34":0.05734364688396454,"35":0.18466749787330627,"36":-0.07961340248584747,"37":-0.03385993465781212,"38":0.15177683532238007,"39":-0.04937087371945381,"40":-0.22269278764724731,"41":0.07667285948991776,"42":0.05367724969983101,"43":0.28543663024902344,"44":0.2055528163909912,"45":0.010261709801852703,"46":0.08939601480960846,"47":-0.014563344419002533,"48":0.13382957875728607,"49":-0.29787248373031616,"50":0.043973177671432495,"51":0.08286376297473907,"52":0.11128626018762589,"53":0.0760328471660614,"54":0.010729921981692314,"55":-0.17728650569915771,"56":0.006502654403448105,"57":0.195192351937294,"58":-0.14950153231620789,"59":0.06571455299854279,"60":0.08363863825798035,"61":-0.1087469607591629,"62":-0.005066961050033569,"63":-0.06527195125818253,"64":0.27374783158302307,"65":0.11633994430303574,"66":-0.14376503229141235,"67":-0.2028876692056656,"68":0.14707814157009125,"69":-0.17328213155269623,"70":-0.05665513500571251,"71":0.05950029194355011,"72":-0.05761359632015228,"73":-0.14781802892684937,"74":-0.2994404733181,"75":0.043362751603126526,"76":0.3720569610595703,"77":0.11583705991506577,"78":-0.19838204979896545,"79":-0.0041806939989328384,"80":-0.025737281888723373,"81":0.02045518532395363,"82":0.0579722560942173,"83":0.0856536328792572,"84":-0.05292225256562233,"85":-0.0349394753575325,"86":-0.11790966242551804,"87":-0.0017129220068454742,"88":0.3352506756782532,"89":0.01037389412522316,"90":0.022551316767930984,"91":0.19875478744506836,"92":0.12013916671276093,"93":-0.07625432312488556,"94":0.043725427240133286,"95":0.03168357163667679,"96":-0.09279149770736694,"97":-0.025446370244026184,"98":-0.09192045032978058,"99":0.06289879977703094,"100":-0.052885740995407104,"101":-0.17432205379009247,"102":0.020824015140533447,"103":0.11647957563400269,"104":-0.20939743518829346,"105":0.2924802899360657,"106":-0.07765249907970428,"107":0.07172230631113052,"108":0.045053377747535706,"109":0.07103662937879562,"110":-0.0670522153377533,"111":-0.0667639821767807,"112":0.17550066113471985,"113":-0.21478310227394104,"114":0.11040397733449936,"115":0.20207738876342773,"116":0.1161680817604065,"117":0.16896510124206543,"118":0.09413932263851166,"119":0.12161868065595627,"120":-0.0006753095658496022,"121":0.10759784281253815,"122":-0.24716371297836304,"123":-0.0973755344748497,"124":-0.02934763953089714,"125":-0.10654842853546143,"126":0.05245716869831085,"127":0.1533200591802597}}